2018-03-08 10:46:54,1106.9999991
2018-03-08 10:47:01, 1106.9999991
2018-03-08 10:47:09, 1106.9999991
2018-03-08 10:47:17, 1106.9999991
2018-03-08 10:47:23, 1106.9999991
2018-03-08 10:47:31, 1106.9999991
2018-03-08 10:47:38, 1106.9999991
2018-03-08 10:47:44, 1106.99999995
2018-03-08 10:47:52, 1106.99999995
2018-03-08 10:47:58, 1106.99999995
2018-03-08 10:48:04, 1106.99999995
2018-03-08 10:48:12, 1106.99999995
2018-03-08 10:48:20, 1106.99999995
2018-03-08 10:48:26, 1106.99999995
2018-03-08 10:48:33, 1106.99999995
2018-03-08 10:48:40, 1106.99999995
2018-03-08 10:48:46, 1106.99999995
2018-03-08 10:48:53, 1106.99999995
2018-03-08 10:49:01, 1106.99999995
2018-03-08 10:49:08, 1106.99999995
2018-03-08 10:49:14, 1106.99999995
2018-03-08 10:49:21, 1106.99999995
2018-03-08 10:49:27, 1106.99999995
2018-03-08 10:49:34, 1106.99999995
2018-03-08 10:49:40, 1106.99999995
2018-03-08 10:49:47, 1106.99999995
2018-03-08 10:49:54, 1106.99999995
2018-03-08 10:50:01, 1106.99999995
2018-03-08 10:50:08, 1106.99999995
2018-03-08 10:50:14, 1106.99999995
2018-03-08 10:50:22, 1106.99999995
2018-03-08 10:50:28, 1106.99999995
2018-03-08 10:50:34, 1106.99999995
2018-03-08 10:50:42, 1106.99999995
2018-03-08 10:50:48, 1106.99999995
2018-03-08 10:50:55, 1106.99999995
2018-03-08 10:51:02, 1106.99999995
2018-03-08 10:51:08, 1106.99999995
2018-03-08 10:51:15, 1106.99999995
2018-03-08 10:51:22, 1106.99999995
2018-03-08 10:51:28, 1106.99999995
2018-03-08 10:51:34, 1106.99999995
2018-03-08 10:51:41, 1106.99999995
2018-03-08 10:51:48, 1106.99999995
2018-03-08 10:51:54, 1106.99999995
2018-03-08 10:52:02, 1106.99999995
2018-03-08 10:52:08, 1106.99999995
2018-03-08 10:52:14, 1106.99999995
2018-03-08 10:52:22, 1106.99999995
2018-03-08 10:52:28, 1106.99999995
2018-03-08 10:52:34, 1106.99999995
2018-03-08 10:52:41, 1106.99999995
2018-03-08 10:52:48, 1106.99999995
2018-03-08 10:52:54, 1106.99999995
2018-03-08 10:53:01, 1106.99999995
2018-03-08 10:53:07, 1106.99999995
2018-03-08 10:53:14, 1106.99999995
2018-03-08 10:53:22, 1106.99999995
2018-03-08 10:53:28, 1106.99999995
2018-03-08 10:53:34, 1106.99999995
2018-03-08 10:53:41, 1106.99999995
2018-03-08 10:53:48, 1106.99999995
2018-03-08 10:53:54, 1106.99999995
2018-03-08 10:54:01, 1106.99999995
2018-03-08 10:54:08, 1106.99999995
2018-03-08 10:54:14, 1106.99999995
2018-03-08 10:54:22, 1106.99999995
2018-03-08 10:54:28, 1106.99999995
2018-03-08 10:54:34, 1106.99999995
2018-03-08 10:54:42, 1106.99999995
2018-03-08 10:54:48, 1106.99999995
2018-03-08 10:54:54, 1106.99999995
2018-03-08 10:55:02, 1106.99999995
2018-03-08 10:55:08, 1106.99999995
2018-03-08 10:55:15, 1106.99999995
2018-03-08 10:55:22, 1106.99999995
2018-03-08 10:55:29, 1106.99999995
2018-03-08 10:55:35, 1106.99999995
2018-03-08 10:55:42, 1106.99999995
2018-03-08 10:55:48, 1106.99999995
2018-03-08 10:55:55, 1106.99999995
2018-03-08 10:56:02, 1106.99999995
2018-03-08 10:56:08, 1106.99999995
2018-03-08 10:56:15, 1106.99999995
2018-03-08 10:56:22, 1106.99999995
2018-03-08 10:56:28, 1106.99999995
2018-03-08 10:56:35, 1106.99999995
2018-03-08 10:56:42, 1106.99999995
2018-03-08 10:56:48, 1106.99999995
2018-03-08 10:56:55, 1106.99999995
2018-03-08 10:57:02, 1106.99999995
2018-03-08 10:57:09, 1106.99999995
2018-03-08 10:57:15, 1106.99999995
2018-03-08 10:57:22, 1100.63000001
2018-03-08 10:57:29, 1100.63000003
2018-03-08 10:57:35, 1100.6300001
2018-03-08 10:57:42, 1100.63000477
2018-03-08 10:57:49, 1100.6300001
2018-03-08 10:57:55, 1100.63000001
2018-03-08 10:58:02, 1100.63000477
2018-03-08 10:58:09, 1100.63000477
2018-03-08 10:58:15, 1100.63000477
2018-03-08 10:58:22, 1100.63000477
2018-03-08 10:58:28, 1100.63000477
2018-03-08 10:58:35, 1100.63000477
2018-03-08 10:58:42, 1100.63000477
2018-03-08 10:58:48, 1100.63000477
2018-03-08 10:58:54, 1100.63000477
2018-03-08 10:59:01, 1100.63000477
2018-03-08 10:59:07, 1100.63000477
2018-03-08 10:59:14, 1100.63000477
2018-03-08 10:59:21, 1100.63000477
2018-03-08 10:59:27, 1100.63000477
2018-03-08 10:59:34, 1100.63000477
2018-03-08 10:59:42, 1100.63000477
2018-03-08 10:59:49, 1106.99999948
2018-03-08 10:59:55, 1106.99999948
2018-03-08 11:00:02, 1106.99999948
2018-03-08 11:00:08, 1106.99999948
2018-03-08 11:00:15, 1106.99999948
2018-03-08 11:00:22, 1106.99999948
2018-03-08 11:00:29, 1106.99999948
2018-03-08 11:00:37, 1106.99999948
2018-03-08 11:00:43, 1106.99999948
2018-03-08 11:00:51, 1106.99999948
2018-03-08 11:00:57, 1100.63000517
2018-03-08 11:01:04, 1100.63000517
2018-03-08 11:01:12, 1100.63000517
2018-03-08 11:01:18, 1100.63000517
2018-03-08 11:01:24, 1100.63000517
2018-03-08 11:01:32, 1100.63000517
2018-03-08 11:01:38, 1100.63000517
2018-03-08 11:01:44, 1100.63000517
2018-03-08 11:01:51, 1100.63000517
2018-03-08 11:01:57, 1100.63000517
2018-03-08 11:02:03, 1100.63000517
2018-03-08 11:02:11, 1100.63000517
2018-03-08 11:02:17, 1100.63000517
2018-03-08 11:02:23, 1100.63000517
2018-03-08 11:02:32, 1100.63000517
2018-03-08 11:02:38, 1100.63000517
2018-03-08 11:02:45, 1100.63000517
2018-03-08 11:02:52, 1100.63000517
2018-03-08 11:02:58, 1100.63000517
2018-03-08 11:03:04, 1100.63000517
2018-03-08 11:03:12, 1100.63000517
2018-03-08 11:03:18, 1100.63000517
2018-03-08 11:03:24, 1100.63000517
2018-03-08 11:03:31, 1100.63000517
2018-03-08 11:03:37, 1100.63000517
2018-03-08 11:03:44, 1100.63000517
2018-03-08 11:03:51, 1100.63000517
2018-03-08 11:03:58, 1100.63000517
2018-03-08 11:04:04, 1100.63000517
2018-03-08 11:04:12, 1100.63000517
2018-03-08 11:04:18, 1100.63000517
2018-03-08 11:04:24, 1100.63000517
2018-03-08 11:04:32, 1100.63000517
2018-03-08 11:04:39, 1100.63000517
2018-03-08 11:04:45, 1100.63000517
2018-03-08 11:04:53, 1100.63000517
2018-03-08 11:04:59, 1100.63000517
2018-03-08 11:05:06, 1100.63000517
2018-03-08 11:05:13, 1100.63000517
2018-03-08 11:05:22, 1100.63000517
2018-03-08 11:05:28, 1100.63000517
2018-03-08 11:05:34, 1100.63000517
2018-03-08 11:05:42, 1100.63000517
2018-03-08 11:05:48, 1100.63000517
2018-03-08 11:05:55, 1100.63000517
2018-03-08 11:06:02, 1100.63000517
2018-03-08 11:06:10, 1100.63000517
2018-03-08 11:06:16, 1100.63000517
2018-03-08 11:06:23, 1100.63000517
2018-03-08 11:06:29, 1100.63000517
2018-03-08 11:06:36, 1100.63000517
2018-03-08 11:06:43, 1100.63000517
2018-03-08 11:06:50, 1100.63000517
2018-03-08 11:06:57, 1100.63000517
2018-03-08 11:07:04, 1100.63000517
2018-03-08 11:07:11, 1100.63000517
2018-03-08 11:07:17, 1100.63000517
2018-03-08 11:07:24, 1100.63000517
2018-03-08 11:07:31, 1100.63000517
2018-03-08 11:07:37, 1100.63000517
2018-03-08 11:07:44, 1100.63000517
2018-03-08 11:07:52, 1100.63000517
2018-03-08 11:07:58, 1100.63000517
2018-03-08 11:08:04, 1100.63000517
2018-03-08 11:08:11, 1100.63000517
2018-03-08 11:08:17, 1100.63000517
2018-03-08 11:08:24, 1100.63000517
2018-03-08 11:08:31, 1100.63000517
2018-03-08 11:08:37, 1100.63000517
2018-03-08 11:08:43, 1100.63000517
2018-03-08 11:08:51, 1100.63000517
2018-03-08 11:08:57, 1100.63000517
2018-03-08 11:09:03, 1100.63000517
2018-03-08 11:09:11, 1100.63000517
2018-03-08 11:09:18, 1100.63000517
2018-03-08 11:09:24, 1100.63000517
2018-03-08 11:09:32, 1100.63000517
2018-03-08 11:09:38, 1100.63000517
2018-03-08 11:09:44, 1100.63000517
2018-03-08 11:09:51, 1100.63000517
2018-03-08 11:09:57, 1100.63000517
2018-03-08 11:10:03, 1100.63000517
2018-03-08 11:10:10, 1100.63000517
2018-03-08 11:10:17, 1100.63000517
2018-03-08 11:10:23, 1100.63000517
2018-03-08 11:10:31, 1100.63000517
2018-03-08 11:10:37, 1100.63000517
2018-03-08 11:10:43, 1100.63000517
2018-03-08 11:10:51, 1100.63000517
2018-03-08 11:10:57, 1100.63000517
2018-03-08 11:11:04, 1100.63000517
2018-03-08 11:11:11, 1100.63000517
2018-03-08 11:11:17, 1100.63000517
2018-03-08 11:11:23, 1100.63000517
2018-03-08 11:11:31, 1100.63000517
2018-03-08 11:11:37, 1100.63
2018-03-08 11:11:44, 1100.62000025
2018-03-08 11:11:51, 1100.62000025
2018-03-08 11:11:57, 1100.62000025
2018-03-08 11:12:04, 1100.62000025
2018-03-08 11:12:11, 1105.69459999
2018-03-08 11:12:17, 1105.69459999
2018-03-08 11:12:23, 1105.69459999
2018-03-08 11:12:31, 1105.69459999
2018-03-08 11:12:38, 1105.69459999
2018-03-08 11:12:44, 1100.62000025
2018-03-08 11:12:51, 1100.62000025
2018-03-08 11:12:58, 1100.62000025
2018-03-08 11:13:04, 1100.62000025
2018-03-08 11:13:10, 1100.62000025
2018-03-08 11:13:17, 1100.62000025
2018-03-08 11:13:23, 1100.62000025
2018-03-08 11:13:30, 1100.62000025
2018-03-08 11:13:37, 1100.62000025
2018-03-08 11:13:43, 1100.62000025
2018-03-08 11:13:51, 1100.62000025
2018-03-08 11:13:58, 1100.62000025
2018-03-08 11:14:04, 1100.62000025
2018-03-08 11:14:11, 1100.62000025
2018-03-08 11:14:17, 1100.62000025
2018-03-08 11:14:24, 1100.62000025
2018-03-08 11:14:31, 1100.62000025
2018-03-08 11:14:38, 1100.62000025
2018-03-08 11:14:44, 1100.62000025
2018-03-08 11:14:52, 1100.62000025
2018-03-08 11:14:58, 1100.62000025
2018-03-08 11:15:04, 1100.62000025
2018-03-08 11:15:11, 1100.62000025
2018-03-08 11:15:18, 1100.62000025
2018-03-08 11:15:24, 1100.62000025
2018-03-08 11:15:31, 1100.62000025
2018-03-08 11:15:38, 1100.62000025
2018-03-08 11:15:44, 1100.62000025
2018-03-08 11:15:51, 1100.62000025
2018-03-08 11:15:57, 1100.62000025
2018-03-08 11:16:03, 1100.62000025
2018-03-08 11:16:11, 1100.62000025
2018-03-08 11:16:17, 1100.62000025
2018-03-08 11:16:23, 1100.62000025
2018-03-08 11:16:31, 1100.62000025
2018-03-08 11:16:37, 1100.62000025
2018-03-08 11:16:43, 1100.62000025
2018-03-08 11:16:51, 1100.62000025
2018-03-08 11:16:57, 1095.11690162
2018-03-08 11:17:04, 1095.11690162
2018-03-08 11:17:11, 1095.11690162
2018-03-08 11:17:18, 1095.11690162
2018-03-08 11:17:24, 1090.12200086
2018-03-08 11:17:31, 1090.12200086
2018-03-08 11:17:37, 1090.12200086
2018-03-08 11:17:46, 1090.12200086
2018-03-08 11:17:53, 1090.12200086
2018-03-08 11:18:00, 1090.1220015
2018-03-08 11:18:06, 1090.1220015
2018-03-08 11:18:13, 1090.1220015
2018-03-08 11:18:20, 1090.1220015
2018-03-08 11:18:27, 1090.1220015
2018-03-08 11:18:33, 1090.1220015
2018-03-08 11:18:40, 1090.1220015
2018-03-08 11:18:47, 1090.1220015
2018-03-08 11:18:53, 1090.1220015
2018-03-08 11:19:01, 1090.1220015
2018-03-08 11:19:08, 1090.1220015
2018-03-08 11:19:17, 1090.1220015
2018-03-08 11:19:23, 1090.1220015
2018-03-08 11:19:31, 1090.1220015
2018-03-08 11:19:37, 1090.1220015
2018-03-08 11:19:43, 1090.1220015
2018-03-08 11:19:51, 1090.1220015
2018-03-08 11:19:58, 1091.11700059
2018-03-08 11:20:05, 1091.11700059
2018-03-08 11:20:12, 1091.11700059
2018-03-08 11:20:18, 1091.11700059
2018-03-08 11:20:24, 1091.11700059
2018-03-08 11:20:31, 1091.11700059
2018-03-08 11:20:38, 1091.11700059
2018-03-08 11:20:44, 1091.11700059
2018-03-08 11:20:51, 1091.11700059
2018-03-08 11:20:57, 1091.11700059
2018-03-08 11:21:03, 1091.11700059
2018-03-08 11:21:14, 1091.11700059
2018-03-08 11:21:21, 1091.11700059
2018-03-08 11:21:27, 1091.11700059
2018-03-08 11:21:34, 1091.11700059
2018-03-08 11:21:41, 1091.11700059
2018-03-08 11:21:48, 1091.11700059
2018-03-08 11:21:54, 1091.11700059
2018-03-08 11:22:02, 1091.11700059
2018-03-08 11:22:08, 1091.11700059
2018-03-08 11:22:14, 1091.11700059
2018-03-08 11:22:22, 1091.11700059
2018-03-08 11:22:29, 1091.11700059
2018-03-08 11:22:36, 1091.11700059
2018-03-08 11:22:43, 1091.11700059
2018-03-08 11:22:49, 1091.11700059
2018-03-08 11:22:56, 1091.11700059
2018-03-08 11:23:03, 1091.11700059
2018-03-08 11:23:10, 1091.11700059
2018-03-08 11:23:17, 1091.11700059
2018-03-08 11:23:23, 1091.11700059
2018-03-08 11:23:31, 1091.11700059
2018-03-08 11:23:37, 1091.11700059
2018-03-08 11:23:44, 1091.11700059
2018-03-08 11:23:51, 1091.11700059
2018-03-08 11:23:58, 1091.11700059
2018-03-08 11:24:04, 1091.11700059
2018-03-08 11:24:12, 1091.11700059
2018-03-08 11:24:22, 1091.11700059
2018-03-08 11:24:28, 1091.11700059
2018-03-08 11:24:35, 1091.11700059
2018-03-08 11:24:42, 1091.11700059
2018-03-08 11:24:49, 1091.11700059
2018-03-08 11:24:55, 1091.11700059
2018-03-08 11:25:02, 1091.11700059
2018-03-08 11:25:09, 1091.11700059
2018-03-08 11:25:15, 1091.11700059
2018-03-08 11:25:22, 1091.11700059
2018-03-08 11:25:29, 1091.11700059
2018-03-08 11:25:36, 1091.11700059
2018-03-08 11:25:43, 1091.11700059
2018-03-08 11:25:51, 1091.11700059
2018-03-08 11:25:57, 1091.11700059
2018-03-08 11:26:03, 1091.11700059
2018-03-08 11:26:11, 1091.11700059
2018-03-08 11:26:18, 1091.11700059
2018-03-08 11:26:24, 1091.11700059
2018-03-08 11:26:31, 1091.11700059
2018-03-08 11:26:38, 1091.11700059
2018-03-08 11:26:44, 1091.11700059
2018-03-08 11:26:52, 1091.11700059
2018-03-08 11:26:59, 1091.11700059
2018-03-08 11:27:06, 1091.11700059
2018-03-08 11:27:12, 1091.11700059
2018-03-08 11:27:19, 1091.11700059
2018-03-08 11:27:26, 1090.02250154
2018-03-08 11:27:33, 1090.02250154
2018-03-08 11:27:40, 1095.06187104
2018-03-08 11:27:47, 1095.06187104
2018-03-08 11:27:53, 1095.06187104
2018-03-08 11:28:01, 1095.06187104
2018-03-08 11:28:07, 1095.06187104
2018-03-08 11:28:13, 1095.06187104
2018-03-08 11:28:21, 1095.06187104
2018-03-08 11:28:27, 1095.06187104
2018-03-08 11:28:34, 1095.06187104
2018-03-08 11:28:44, 1095.06187104
2018-03-08 11:28:51, 1095.06187104
2018-03-08 11:28:57, 1095.06187104
2018-03-08 11:29:04, 1095.06187104
2018-03-08 11:29:12, 1095.06187104
2018-03-08 11:29:18, 1095.06187104
2018-03-08 11:29:24, 1095.06187104
2018-03-08 11:29:31, 1095.06187104
2018-03-08 11:29:37, 1095.06187104
2018-03-08 11:29:44, 1090.06187131
2018-03-08 11:29:52, 1090.06187131
2018-03-08 11:29:59, 1090.06187131
2018-03-08 11:30:05, 1090.06187131
2018-03-08 11:30:12, 1090.06187131
2018-03-08 11:30:20, 1090.06187131
2018-03-08 11:30:26, 1090.06187131
2018-03-08 11:30:33, 1090.06187131
2018-03-08 11:30:39, 1090.06187131
2018-03-08 11:30:46, 1090.06187131
2018-03-08 11:30:52, 1090.06187131
2018-03-08 11:30:59, 1090.06187131
2018-03-08 11:31:05, 1090.06187131
2018-03-08 11:31:12, 1090.06187131
2018-03-08 11:31:18, 1090.06187131
2018-03-08 11:31:25, 1090.06187131
2018-03-08 11:31:32, 1090.06187131
2018-03-08 11:31:39, 1090.06187131
2018-03-08 11:31:46, 1090.06187131
2018-03-08 11:31:53, 1090.06187131
2018-03-08 11:31:59, 1090.06187131
2018-03-08 11:32:05, 1090.06187131
2018-03-08 11:32:13, 1090.06187131
2018-03-08 11:32:19, 1090.06187131
2018-03-08 11:32:26, 1090.06187131
2018-03-08 11:32:33, 1090.06187131
2018-03-08 11:32:39, 1090.06187131
2018-03-08 11:32:47, 1090.06187131
2018-03-08 11:32:53, 1090.06187131
2018-03-08 11:33:00, 1090.06187131
2018-03-08 11:33:07, 1090.06187131
2018-03-08 11:33:14, 1090.06187131
2018-03-08 11:33:22, 1090.06187131
2018-03-08 11:33:28, 1090.06187131
2018-03-08 11:33:35, 1090.32100279
2018-03-08 11:33:42, 1090.32100279
2018-03-08 11:33:48, 1090.32100279
2018-03-08 11:33:55, 1090.32100279
2018-03-08 11:34:02, 1090.32100279
2018-03-08 11:34:09, 1090.32100279
2018-03-08 11:34:15, 1090.32100279
2018-03-08 11:34:22, 1090.32100279
2018-03-08 11:34:28, 1090.32100279
2018-03-08 11:34:35, 1090.32100279
2018-03-08 11:34:42, 1090.32100279
2018-03-08 11:34:48, 1090.32100279
2018-03-08 11:34:56, 1090.32100279
2018-03-08 11:35:03, 1090.32100279
2018-03-08 11:35:10, 1090.32100279
2018-03-08 11:35:17, 1090.32100279
2018-03-08 11:35:23, 1090.32100279
2018-03-08 11:35:30, 1090.32100279
2018-03-08 11:35:37, 1090.32100279
2018-03-08 11:35:44, 1090.32100279
2018-03-08 11:35:51, 1090.32100279
2018-03-08 11:35:57, 1090.32100279
2018-03-08 11:36:04, 1090.32100279
2018-03-08 11:36:11, 1090.32100279
2018-03-08 11:36:18, 1090.32100279
2018-03-08 11:36:24, 1090.32100279
2018-03-08 11:36:31, 1090.32100279
2018-03-08 11:36:37, 1090.32100279
2018-03-08 11:36:44, 1090.32100279
2018-03-08 11:36:52, 1090.32100279
2018-03-08 11:36:58, 1090.32100279
2018-03-08 11:37:05, 1090.32100279
2018-03-08 11:37:12, 1090.32100279
2018-03-08 11:37:18, 1090.32100279
2018-03-08 11:37:24, 1090.32100279
2018-03-08 11:37:31, 1090.32100279
2018-03-08 11:37:38, 1090.32100279
2018-03-08 11:37:44, 1090.32100279
2018-03-08 11:37:51, 1090.32100279
2018-03-08 11:37:57, 1090.32100279
2018-03-08 11:38:03, 1090.32100279
2018-03-08 11:38:11, 1090.32100279
2018-03-08 11:38:17, 1090.32100279
2018-03-08 11:38:24, 1090.32100279
2018-03-08 11:38:30, 1090.32100279
2018-03-08 11:38:36, 1090.32100279
2018-03-08 11:38:44, 1090.32100279
2018-03-08 11:38:51, 1090.32100279
2018-03-08 11:38:57, 1090.32100279
2018-03-08 11:39:04, 1090.32100279
2018-03-08 11:39:12, 1090.32100279
2018-03-08 11:39:19, 1090.32100279
2018-03-08 11:39:42, 1090.32100279
2018-03-08 11:39:50, 1090.32100279
2018-03-08 11:39:57, 1090.32100279
2018-03-08 11:40:03, 1090.32100279
2018-03-08 11:40:11, 1090.32100279
2018-03-08 11:40:17, 1090.32100279
2018-03-08 11:40:24, 1090.32100279
2018-03-08 11:40:32, 1090.32100279
2018-03-08 11:40:38, 1090.32100279
2018-03-08 11:40:44, 1090.32100279
2018-03-08 11:40:51, 1090.32100279
2018-03-08 11:40:57, 1090.32100279
2018-03-08 11:41:04, 1090.32100279
2018-03-08 11:41:11, 1090.32100279
2018-03-08 11:41:18, 1090.32100279
2018-03-08 11:41:24, 1090.32100279
2018-03-08 11:41:31, 1090.32100279
2018-03-08 11:41:38, 1090.32100279
2018-03-08 11:41:44, 1090.32100279
2018-03-08 11:41:51, 1090.32100279
2018-03-08 11:41:57, 1090.32100279
2018-03-08 11:42:03, 1090.32100279
2018-03-08 11:42:11, 1090.32100279
2018-03-08 11:42:17, 1090.32100279
2018-03-08 11:42:24, 1090.32100279
2018-03-08 11:42:31, 1090.32100279
2018-03-08 11:42:37, 1090.32100279
2018-03-08 11:42:43, 1090.32100279
2018-03-08 11:42:51, 1090.32100279
2018-03-08 11:42:57, 1090.32100279
2018-03-08 11:43:03, 1090.32100279
2018-03-08 11:43:11, 1090.32100279
2018-03-08 11:43:17, 1090.32100279
2018-03-08 11:43:23, 1090.32100279
2018-03-08 11:43:31, 1090.32100279
2018-03-08 11:43:38, 1090.32100279
2018-03-08 11:43:44, 1090.32100279
2018-03-08 11:43:51, 1090.32100279
2018-03-08 11:43:58, 1090.32100279
2018-03-08 11:44:04, 1090.32100279
2018-03-08 11:44:12, 1093.7232
2018-03-08 11:44:18, 1093.7232
2018-03-08 11:44:24, 1093.7232
2018-03-08 11:44:31, 1093.7232
2018-03-08 11:44:38, 1093.7232
2018-03-08 11:44:44, 1093.7232
2018-03-08 11:44:52, 1093.7232
2018-03-08 11:44:58, 1093.7232
2018-03-08 11:45:04, 1093.7232
2018-03-08 11:45:12, 1093.7232
2018-03-08 11:45:18, 1093.7232
2018-03-08 11:45:25, 1093.7232
2018-03-08 11:45:32, 1093.72319977
2018-03-08 11:45:39, 1093.72319977
2018-03-08 11:45:45, 1093.72319982
2018-03-08 11:45:52, 1093.72319982
2018-03-08 11:45:58, 1093.72319982
2018-03-08 11:46:05, 1093.72319982
2018-03-08 11:46:12, 1093.72319982
2018-03-08 11:46:19, 1093.72319982
2018-03-08 11:46:25, 1093.72319982
2018-03-08 11:46:32, 1093.72319982
2018-03-08 11:46:38, 1093.72319982
2018-03-08 11:46:45, 1093.72319982
2018-03-08 11:46:52, 1093.72319982
2018-03-08 11:46:59, 1093.72319982
2018-03-08 11:47:08, 1093.72319982
2018-03-08 11:47:15, 1093.72319982
2018-03-08 11:47:22, 1093.72319982
2018-03-08 11:47:28, 1093.72319982
2018-03-08 11:47:36, 1093.72319982
2018-03-08 11:47:43, 1093.72319982
2018-03-08 11:47:51, 1093.72319982
2018-03-08 11:47:58, 1093.72319982
2018-03-08 11:48:04, 1093.72319982
2018-03-08 11:48:11, 1093.72319982
2018-03-08 11:48:21, 1093.72319982
2018-03-08 11:48:27, 1093.72319982
2018-03-08 11:48:33, 1093.72319982
2018-03-08 11:48:41, 1093.72319982
2018-03-08 11:48:48, 1093.72319982
2018-03-08 11:48:54, 1093.72319982
2018-03-08 11:49:02, 1093.72319982
2018-03-08 11:49:08, 1093.72319982
2018-03-08 11:49:15, 1093.72319982
2018-03-08 11:49:22, 1093.83257213
2018-03-08 11:49:29, 1093.83257213
2018-03-08 11:49:35, 1093.83257213
2018-03-08 11:49:43, 1093.83257213
2018-03-08 11:49:50, 1093.83257213
2018-03-08 11:49:57, 1093.83257213
2018-03-08 11:50:04, 1093.83257213
2018-03-08 11:50:12, 1093.83257213
2018-03-08 11:50:18, 1093.83257213
2018-03-08 11:50:24, 1093.83257213
2018-03-08 11:50:31, 1093.83257213
2018-03-08 11:50:38, 1093.83257213
2018-03-08 11:50:44, 1093.83257213
2018-03-08 11:50:51, 1093.83257213
2018-03-08 11:50:58, 1093.83257213
2018-03-08 11:51:04, 1093.83257213
2018-03-08 11:51:11, 1093.83257213
2018-03-08 11:51:18, 1093.83257213
2018-03-08 11:51:25, 1093.83257213
2018-03-08 11:51:32, 1093.83257213
2018-03-08 11:51:38, 1093.83257213
2018-03-08 11:51:44, 1093.83257213
2018-03-08 11:51:52, 1093.83257213
2018-03-08 11:51:58, 1093.83257213
2018-03-08 11:52:05, 1093.83257213
2018-03-08 11:52:11, 1093.83257213
2018-03-08 11:52:18, 1093.83257213
2018-03-08 11:52:25, 1093.83257213
2018-03-08 11:52:32, 1093.83257213
2018-03-08 11:52:38, 1094.7291992
2018-03-08 11:52:45, 1094.7291992
2018-03-08 11:52:53, 1094.7291992
2018-03-08 11:53:00, 1094.7291992
2018-03-08 11:53:06, 1094.7291992
2018-03-08 11:53:13, 1094.7291992
2018-03-08 11:53:20, 1094.7291992
2018-03-08 11:53:27, 1094.7291992
2018-03-08 11:53:34, 1094.7291992
2018-03-08 11:53:42, 1094.7291992
2018-03-08 11:53:50, 1094.7291992
2018-03-08 11:53:56, 1094.7291992
2018-03-08 11:54:03, 1094.7291992
2018-03-08 11:54:11, 1094.7291992
2018-03-08 11:54:18, 1094.7291992
2018-03-08 11:54:25, 1094.7291992
2018-03-08 11:54:32, 1094.7291992
2018-03-08 11:54:40, 1094.7291992
2018-03-08 11:54:47, 1094.7291992
2018-03-08 11:54:54, 1094.7291992
2018-03-08 11:55:02, 1094.7291992
2018-03-08 11:55:09, 1094.7291992
2018-03-08 11:55:16, 1094.7291992
2018-03-08 11:55:23, 1094.7291992
2018-03-08 11:55:31, 1094.7291992
2018-03-08 11:55:39, 1094.7291992
2018-03-08 11:55:45, 1094.7291992
2018-03-08 11:55:52, 1094.7291992
2018-03-08 11:56:00, 1094.7291992
2018-03-08 11:56:07, 1094.7291992
2018-03-08 11:56:13, 1094.7291992
2018-03-08 11:56:20, 1094.7291992
2018-03-08 11:56:27, 1094.7291992
2018-03-08 11:56:34, 1094.7291992
2018-03-08 11:56:41, 1094.7291992
2018-03-08 11:56:49, 1094.7291992
2018-03-08 11:56:56, 1094.7291992
2018-03-08 11:57:03, 1094.7291992
2018-03-08 11:57:10, 1094.7291992
2018-03-08 11:57:17, 1094.7291992
2018-03-08 11:57:23, 1094.7291992
2018-03-08 11:57:31, 1094.7291992
2018-03-08 11:57:37, 1094.7291992
2018-03-08 11:57:44, 1094.7291992
2018-03-08 11:57:52, 1094.7291992
2018-03-08 11:57:58, 1094.7291992
2018-03-08 11:58:04, 1094.7291992
2018-03-08 11:58:12, 1089.61380161
2018-03-08 11:58:18, 1089.61380161
2018-03-08 11:58:24, 1089.61380161
2018-03-08 11:58:32, 1089.61380161
2018-03-08 11:58:39, 1089.61380161
2018-03-08 11:58:45, 1089.61380161
2018-03-08 11:58:52, 1089.61380161
2018-03-08 11:58:58, 1089.61380161
2018-03-08 11:59:05, 1089.61380161
2018-03-08 11:59:12, 1089.61380161
2018-03-08 11:59:19, 1089.61380161
2018-03-08 11:59:26, 1089.61380161
2018-03-08 11:59:33, 1089.61380161
2018-03-08 11:59:41, 1089.61380161
2018-03-08 11:59:47, 1089.61380161
2018-03-08 11:59:54, 1089.61380161
2018-03-08 12:00:01, 1089.61380161
2018-03-08 12:00:07, 1089.61380161
2018-03-08 12:00:13, 1087.85990785
2018-03-08 12:00:21, 1087.85990785
2018-03-08 12:00:28, 1087.85990785
2018-03-08 12:00:35, 1094.72919903
2018-03-08 12:00:41, 1094.72919903
2018-03-08 12:00:47, 1094.72919903
2018-03-08 12:00:55, 1094.72919903
2018-03-08 12:01:02, 1094.72919903
2018-03-08 12:01:09, 1087.85990785
2018-03-08 12:01:16, 1087.85990785
2018-03-08 12:01:22, 1087.85990785
2018-03-08 12:01:29, 1087.85990785
2018-03-08 12:01:35, 1087.85990785
2018-03-08 12:01:42, 1087.85990785
2018-03-08 12:01:48, 1087.85990785
2018-03-08 12:01:55, 1087.85990785
2018-03-08 12:02:03, 1087.85990785
2018-03-08 12:02:10, 1087.85990785
2018-03-08 12:02:17, 1087.85990785
2018-03-08 12:02:23, 1087.85990785
2018-03-08 12:02:30, 1087.85990785
2018-03-08 12:02:36, 1087.85990785
2018-03-08 12:02:44, 1087.85990785
2018-03-08 12:02:52, 1087.85990785
2018-03-08 12:02:58, 1087.85990785
2018-03-08 12:03:05, 1087.85990785
2018-03-08 12:03:13, 1087.85990785
2018-03-08 12:03:19, 1087.85990785
2018-03-08 12:03:26, 1087.85990785
2018-03-08 12:03:33, 1087.85990785
2018-03-08 12:03:40, 1087.85990785
2018-03-08 12:03:47, 1087.85990785
2018-03-08 12:03:53, 1087.85990785
2018-03-08 12:04:01, 1087.85990785
2018-03-08 12:04:08, 1087.85990785
2018-03-08 12:04:14, 1087.85990785
2018-03-08 12:04:21, 1087.85990785
2018-03-08 12:04:27, 1087.85990785
2018-03-08 12:04:34, 1087.85990785
2018-03-08 12:04:41, 1087.85990785
2018-03-08 12:04:47, 1087.85990785
2018-03-08 12:04:53, 1087.85990785
2018-03-08 12:05:01, 1081.06750033
2018-03-08 12:05:07, 1081.06750033
2018-03-08 12:05:14, 1081.06750033
2018-03-08 12:05:21, 1081.06750033
2018-03-08 12:05:31, 1081.06750033
2018-03-08 12:05:38, 1081.06750033
2018-03-08 12:05:44, 1081.06750033
2018-03-08 12:05:51, 1081.06750033
2018-03-08 12:05:57, 1081.06750033
2018-03-08 12:06:04, 1081.06750033
2018-03-08 12:06:14, 1081.06750033
2018-03-08 12:06:21, 1081.06750033
2018-03-08 12:06:27, 1081.06750033
2018-03-08 12:06:34, 1081.06750033
2018-03-08 12:06:41, 1081.06750033
2018-03-08 12:06:47, 1081.06750033
2018-03-08 12:06:53, 1081.06750033
2018-03-08 12:07:01, 1092.01299942
2018-03-08 12:07:07, 1092.01299942
2018-03-08 12:07:14, 1092.01299942
2018-03-08 12:07:21, 1092.01299942
2018-03-08 12:07:27, 1092.01299942
2018-03-08 12:07:33, 1092.01299942
2018-03-08 12:07:41, 1092.01299942
2018-03-08 12:07:47, 1092.01299942
2018-03-08 12:07:53, 1092.01299942
2018-03-08 12:08:00, 1092.01299942
2018-03-08 12:08:07, 1087.64494742
2018-03-08 12:08:13, 1087.64494742
2018-03-08 12:08:20, 1092.0129993
2018-03-08 12:08:26, 1092.0129993
2018-03-08 12:08:33, 1092.0129993
2018-03-08 12:08:40, 1092.0129993
2018-03-08 12:08:47, 1092.0129993
2018-03-08 12:08:53, 1092.0129993
2018-03-08 12:09:01, 1092.0129993
2018-03-08 12:09:07, 1092.0129993
2018-03-08 12:09:14, 1092.0129993
2018-03-08 12:09:22, 1092.0129993
2018-03-08 12:09:28, 1092.0129993
2018-03-08 12:09:34, 1092.0129993
2018-03-08 12:09:42, 1092.0129993
2018-03-08 12:09:48, 1092.0129993
2018-03-08 12:09:55, 1092.0129993
2018-03-08 12:10:02, 1092.0129993
2018-03-08 12:10:08, 1092.0129993
2018-03-08 12:10:15, 1092.0129993
2018-03-08 12:10:22, 1092.0129993
2018-03-08 12:10:29, 1092.0129993
2018-03-08 12:10:36, 1092.0129993
2018-03-08 12:10:43, 1092.0129993
2018-03-08 12:10:50, 1092.0129993
2018-03-08 12:10:56, 1092.0129993
2018-03-08 12:11:03, 1092.0129993
2018-03-08 12:11:11, 1092.0129993
2018-03-08 12:11:17, 1092.0129993
2018-03-08 12:11:23, 1092.0129993
2018-03-08 12:11:31, 1092.0129993
2018-03-08 12:11:37, 1092.0129993
2018-03-08 12:11:44, 1092.0129993
2018-03-08 12:11:51, 1092.0129993
2018-03-08 12:11:57, 1092.0129993
2018-03-08 12:12:03, 1092.0129993
2018-03-08 12:12:11, 1092.0129993
2018-03-08 12:12:18, 1092.0129993
2018-03-08 12:12:24, 1092.0129993
2018-03-08 12:12:31, 1092.0129993
2018-03-08 12:12:37, 1092.0129993
2018-03-08 12:12:44, 1092.0129993
2018-03-08 12:12:52, 1092.0129993
2018-03-08 12:12:59, 1092.0129993
2018-03-08 12:13:07, 1092.01299727
2018-03-08 12:13:13, 1092.01299727
2018-03-08 12:13:21, 1092.01299727
2018-03-08 12:13:27, 1092.01299727
2018-03-08 12:13:34, 1092.01299727
2018-03-08 12:13:42, 1092.01299727
2018-03-08 12:13:48, 1092.01299727
2018-03-08 12:13:55, 1092.01299727
2018-03-08 12:14:02, 1092.01299727
2018-03-08 12:14:09, 1092.01299727
2018-03-08 12:14:16, 1092.01299727
2018-03-08 12:14:23, 1092.01299727
2018-03-08 12:14:31, 1092.01299727
2018-03-08 12:14:37, 1092.01299727
2018-03-08 12:14:44, 1092.01299727
2018-03-08 12:14:51, 1092.01299727
2018-03-08 12:14:57, 1092.01299727
2018-03-08 12:15:04, 1092.01299727
2018-03-08 12:15:12, 1092.01299727
2018-03-08 12:15:18, 1092.01299727
2018-03-08 12:15:24, 1092.01299727
2018-03-08 12:15:31, 1092.01299727
2018-03-08 12:15:37, 1092.01299727
2018-03-08 12:15:44, 1092.01299727
2018-03-08 12:15:52, 1092.01299727
2018-03-08 12:15:59, 1092.01299727
2018-03-08 12:16:05, 1092.01299727
2018-03-08 12:16:13, 1092.01299727
2018-03-08 12:16:19, 1092.01299727
2018-03-08 12:16:25, 1092.01299727
2018-03-08 12:16:32, 1092.01299727
2018-03-08 12:16:40, 1092.01299727
2018-03-08 12:16:46, 1092.01299727
2018-03-08 12:16:53, 1092.01299727
2018-03-08 12:17:00, 1092.01299727
2018-03-08 12:17:07, 1092.01299727
2018-03-08 12:17:13, 1092.01299727
2018-03-08 12:17:21, 1092.01299727
2018-03-08 12:17:27, 1092.01299727
2018-03-08 12:17:33, 1092.01299727
2018-03-08 12:17:41, 1092.01299727
2018-03-08 12:17:49, 1092.01299727
2018-03-08 12:17:55, 1092.01299727
2018-03-08 12:18:02, 1092.01299727
2018-03-08 12:18:09, 1092.01299727
2018-03-08 12:18:16, 1092.01299727
2018-03-08 12:18:23, 1092.01299727
2018-03-08 12:18:29, 1092.01299727
2018-03-08 12:18:37, 1092.01299727
2018-03-08 12:18:43, 1092.01299727
2018-03-08 12:18:50, 1092.01299727
2018-03-08 12:18:57, 1092.01299727
2018-03-08 12:19:04, 1092.01299727
2018-03-08 12:19:12, 1092.01299727
2018-03-08 12:19:19, 1092.01299727
2018-03-08 12:19:25, 1092.01299727
2018-03-08 12:19:33, 1092.01299727
2018-03-08 12:19:39, 1092.01299727
2018-03-08 12:19:46, 1092.01299727
2018-03-08 12:19:53, 1092.01299727
2018-03-08 12:20:00, 1092.01299727
2018-03-08 12:20:06, 1092.01299727
2018-03-08 12:20:13, 1092.01299727
2018-03-08 12:20:21, 1092.01299727
2018-03-08 12:20:27, 1092.01299727
2018-03-08 12:20:33, 1092.01299727
2018-03-08 12:20:41, 1092.01299727
2018-03-08 12:20:48, 1092.01299727
2018-03-08 12:20:54, 1092.01299727
2018-03-08 12:21:02, 1092.01299727
2018-03-08 12:21:08, 1092.01299727
2018-03-08 12:21:15, 1092.01299727
2018-03-08 12:21:22, 1092.01299727
2018-03-08 12:21:28, 1092.01299727
2018-03-08 12:21:35, 1092.01299727
2018-03-08 12:21:42, 1092.01299444
2018-03-08 12:21:50, 1092.01299444
2018-03-08 12:21:57, 1092.01299444
2018-03-08 12:22:04, 1092.01299444
2018-03-08 12:22:11, 1092.01299444
2018-03-08 12:22:17, 1092.01299444
2018-03-08 12:22:23, 1092.01299444
2018-03-08 12:22:31, 1092.01299444
2018-03-08 12:22:37, 1092.01299444
2018-03-08 12:22:43, 1092.01299444
2018-03-08 12:22:52, 1092.01299444
2018-03-08 12:22:58, 1092.01299444
2018-03-08 12:23:05, 1092.01299444
2018-03-08 12:23:12, 1092.01299444
2018-03-08 12:23:19, 1092.01299444
2018-03-08 12:23:25, 1092.01299446
2018-03-08 12:23:33, 1092.01299446
2018-03-08 12:23:40, 1092.01299446
2018-03-08 12:23:46, 1092.01299446
2018-03-08 12:23:53, 1092.01299446
2018-03-08 12:24:00, 1092.01299446
2018-03-08 12:24:07, 1092.01299446
2018-03-08 12:24:14, 1092.01299446
2018-03-08 12:24:21, 1092.01299446
2018-03-08 12:24:28, 1092.01299446
2018-03-08 12:24:34, 1092.01299446
2018-03-08 12:24:41, 1092.01299446
2018-03-08 12:24:48, 1092.01299446
2018-03-08 12:24:54, 1092.01299446
2018-03-08 12:25:02, 1092.01299446
2018-03-08 12:25:08, 1092.01299446
2018-03-08 12:25:15, 1092.01299446
2018-03-08 12:25:22, 1092.01299446
2018-03-08 12:25:29, 1092.01299446
2018-03-08 12:25:35, 1092.01299446
2018-03-08 12:25:42, 1092.01299446
2018-03-08 12:25:49, 1092.01299446
2018-03-08 12:25:56, 1092.01299446
2018-03-08 12:26:03, 1092.01299446
2018-03-08 12:26:11, 1092.01299446
2018-03-08 12:26:17, 1092.01299446
2018-03-08 12:26:23, 1092.01299446
2018-03-08 12:26:30, 1092.01299446
2018-03-08 12:26:38, 1092.01299446
2018-03-08 12:26:44, 1092.01299446
2018-03-08 12:26:52, 1092.01299446
2018-03-08 12:26:59, 1092.01299444
2018-03-08 12:27:05, 1092.01299444
2018-03-08 12:27:12, 1092.01299444
2018-03-08 12:27:19, 1092.01299444
2018-03-08 12:27:26, 1092.01299444
2018-03-08 12:27:33, 1092.01299443
2018-03-08 12:27:40, 1092.01299443
2018-03-08 12:27:47, 1092.01299443
2018-03-08 12:27:54, 1092.01299443
2018-03-08 12:28:01, 1092.01299443
2018-03-08 12:28:07, 1092.01299443
2018-03-08 12:28:15, 1092.01299443
2018-03-08 12:28:22, 1092.01299443
2018-03-08 12:28:28, 1092.01299443
2018-03-08 12:28:35, 1092.01299443
2018-03-08 12:28:42, 1092.01299443
2018-03-08 12:28:48, 1092.01299443
2018-03-08 12:28:55, 1092.01299443
2018-03-08 12:29:02, 1092.01299443
2018-03-08 12:29:08, 1092.01299442
2018-03-08 12:29:15, 1092.01299442
2018-03-08 12:29:22, 1092.01299442
2018-03-08 12:29:28, 1092.01299442
2018-03-08 12:29:35, 1092.01299442
2018-03-08 12:29:42, 1092.01299442
2018-03-08 12:29:49, 1092.01299442
2018-03-08 12:29:56, 1092.01299442
2018-03-08 12:30:03, 1092.01299441
2018-03-08 12:30:10, 1092.01299441
2018-03-08 12:30:17, 1092.01299441
2018-03-08 12:30:23, 1092.01299441
2018-03-08 12:30:30, 1092.01299441
2018-03-08 12:30:36, 1092.01299441
2018-03-08 12:30:43, 1092.01299441
2018-03-08 12:30:51, 1092.01299441
2018-03-08 12:30:58, 1092.01299441
2018-03-08 12:31:04, 1092.01299441
2018-03-08 12:31:11, 1092.01299441
2018-03-08 12:31:17, 1092.01299441
2018-03-08 12:31:24, 1092.01299441
2018-03-08 12:31:31, 1092.01299441
2018-03-08 12:31:37, 1092.01299441
2018-03-08 12:31:44, 1092.01299441
2018-03-08 12:31:51, 1092.01299441
2018-03-08 12:31:57, 1092.01299441
2018-03-08 12:32:03, 1092.01299441
2018-03-08 12:32:11, 1092.01299441
2018-03-08 12:32:18, 1092.01299441
2018-03-08 12:32:24, 1092.01299441
2018-03-08 12:32:31, 1092.01299441
2018-03-08 12:32:38, 1092.01299441
2018-03-08 12:32:45, 1092.01299441
2018-03-08 12:32:52, 1092.01299441
2018-03-08 12:32:58, 1092.01299441
2018-03-08 12:33:05, 1092.01299441
2018-03-08 12:33:13, 1092.01299441
2018-03-08 12:33:19, 1092.01299441
2018-03-08 12:33:26, 1092.01299441
2018-03-08 12:33:33, 1090.0
2018-03-08 12:33:40, 1090.0
2018-03-08 12:33:47, 1090.0
2018-03-08 12:33:54, 1090.0
2018-03-08 12:34:01, 1090.0
2018-03-08 12:34:07, 1090.0
2018-03-08 12:34:14, 1090.0
2018-03-08 12:34:21, 1090.0
2018-03-08 12:34:27, 1090.0
2018-03-08 12:34:34, 1090.0
2018-03-08 12:34:41, 1090.0
2018-03-08 12:34:47, 1090.0
2018-03-08 12:34:54, 1090.0
2018-03-08 12:35:02, 1090.0
2018-03-08 12:35:10, 1090.0
2018-03-08 12:35:16, 1090.0
2018-03-08 12:35:23, 1090.0
2018-03-08 12:35:30, 1090.0
2018-03-08 12:35:37, 1090.0
2018-03-08 12:35:44, 1090.0
2018-03-08 12:35:51, 1090.0
2018-03-08 12:35:58, 1090.0
2018-03-08 12:36:04, 1090.0
2018-03-08 12:36:11, 1090.0
2018-03-08 12:36:19, 1090.0
2018-03-08 12:36:25, 1090.0
2018-03-08 12:36:33, 1090.0
2018-03-08 12:36:41, 1090.0
2018-03-08 12:36:48, 1090.0
2018-03-08 12:36:55, 1090.0
2018-03-08 12:37:03, 1090.0
2018-03-08 12:37:11, 1090.0
2018-03-08 12:37:17, 1090.0
2018-03-08 12:37:23, 1090.0
2018-03-08 12:37:31, 1090.0
2018-03-08 12:37:37, 1090.0
2018-03-08 12:37:44, 1090.0
2018-03-08 12:37:52, 1090.0
2018-03-08 12:37:58, 1090.0
2018-03-08 12:38:05, 1090.0
2018-03-08 12:38:12, 1090.0
2018-03-08 12:38:18, 1090.0
2018-03-08 12:38:25, 1091.83199966
2018-03-08 12:38:32, 1091.83199966
2018-03-08 12:38:38, 1091.83199966
2018-03-08 12:38:44, 1091.83199966
2018-03-08 12:38:51, 1091.83199966
2018-03-08 12:38:58, 1091.83199966
2018-03-08 12:39:04, 1091.83199964
2018-03-08 12:39:11, 1091.83199964
2018-03-08 12:39:18, 1091.83199964
2018-03-08 12:39:25, 1090.0
2018-03-08 12:39:32, 1090.0
2018-03-08 12:39:39, 1090.0
2018-03-08 12:39:46, 1090.0
2018-03-08 12:39:53, 1090.0
2018-03-08 12:40:01, 1090.0
2018-03-08 12:40:08, 1090.0
2018-03-08 12:40:14, 1090.0
2018-03-08 12:40:21, 1090.0
2018-03-08 12:40:27, 1090.0
2018-03-08 12:40:34, 1090.0
2018-03-08 12:40:41, 1090.0
2018-03-08 12:40:47, 1090.0
2018-03-08 12:40:54, 1090.0
2018-03-08 12:41:01, 1090.0
2018-03-08 12:41:07, 1090.0
2018-03-08 12:41:13, 1090.0
2018-03-08 12:41:21, 1090.0
2018-03-08 12:41:27, 1090.0
2018-03-08 12:41:33, 1090.0
2018-03-08 12:41:41, 1090.0
2018-03-08 12:41:47, 1090.0
2018-03-08 12:41:54, 1090.0
2018-03-08 12:42:02, 1090.0
2018-03-08 12:42:08, 1090.0
2018-03-08 12:42:14, 1090.0
2018-03-08 12:42:22, 1090.0
2018-03-08 12:42:28, 1090.0
2018-03-08 12:42:34, 1090.0
2018-03-08 12:42:42, 1090.0
2018-03-08 12:42:48, 1090.0
2018-03-08 12:42:54, 1090.0
2018-03-08 12:43:02, 1090.0
