2018-03-08 10:46:53,0.87
2018-03-08 10:47:00, 0.87
2018-03-08 10:47:08, 0.87
2018-03-08 10:47:15, 0.87
2018-03-08 10:47:22, 0.87
2018-03-08 10:47:29, 0.87
2018-03-08 10:47:37, 0.87
2018-03-08 10:47:43, 0.87
2018-03-08 10:47:50, 0.87
2018-03-08 10:47:57, 0.86851174
2018-03-08 10:48:03, 0.86851174
2018-03-08 10:48:11, 0.86851174
2018-03-08 10:48:18, 0.86851174
2018-03-08 10:48:26, 0.86851174
2018-03-08 10:48:32, 0.86851174
2018-03-08 10:48:39, 0.86851174
2018-03-08 10:48:46, 0.86851174
2018-03-08 10:48:52, 0.86851174
2018-03-08 10:48:59, 0.87
2018-03-08 10:49:07, 0.87
2018-03-08 10:49:13, 0.87
2018-03-08 10:49:20, 0.87
2018-03-08 10:49:26, 0.87
2018-03-08 10:49:33, 0.87
2018-03-08 10:49:39, 0.87
2018-03-08 10:49:46, 0.87
2018-03-08 10:49:53, 0.86999998
2018-03-08 10:50:00, 0.86999998
2018-03-08 10:50:07, 0.86999998
2018-03-08 10:50:13, 0.86999998
2018-03-08 10:50:20, 0.86999998
2018-03-08 10:50:27, 0.86999998
2018-03-08 10:50:34, 0.86999998
2018-03-08 10:50:41, 0.86999998
2018-03-08 10:50:48, 0.86999998
2018-03-08 10:50:54, 0.86999998
2018-03-08 10:51:01, 0.86999998
2018-03-08 10:51:08, 0.86999998
2018-03-08 10:51:14, 0.86999998
2018-03-08 10:51:20, 0.86999998
2018-03-08 10:51:27, 0.86999998
2018-03-08 10:51:34, 0.86999998
2018-03-08 10:51:40, 0.86999998
2018-03-08 10:51:47, 0.86999998
2018-03-08 10:51:54, 0.86999998
2018-03-08 10:52:00, 0.86999998
2018-03-08 10:52:07, 0.86999998
2018-03-08 10:52:14, 0.86999998
2018-03-08 10:52:21, 0.86999998
2018-03-08 10:52:27, 0.86999998
2018-03-08 10:52:34, 0.86999998
2018-03-08 10:52:40, 0.86999998
2018-03-08 10:52:47, 0.86999998
2018-03-08 10:52:53, 0.86999998
2018-03-08 10:52:59, 0.86999998
2018-03-08 10:53:07, 0.86999998
2018-03-08 10:53:13, 0.86999998
2018-03-08 10:53:20, 0.86999998
2018-03-08 10:53:27, 0.86600065
2018-03-08 10:53:34, 0.86999989
2018-03-08 10:53:40, 0.86999989
2018-03-08 10:53:47, 0.86999989
2018-03-08 10:53:53, 0.86999989
2018-03-08 10:54:00, 0.86999988
2018-03-08 10:54:07, 0.86999988
2018-03-08 10:54:14, 0.86999988
2018-03-08 10:54:20, 0.86999988
2018-03-08 10:54:27, 0.86999988
2018-03-08 10:54:34, 0.86999988
2018-03-08 10:54:40, 0.86999988
2018-03-08 10:54:47, 0.86999981
2018-03-08 10:54:54, 0.8699998
2018-03-08 10:55:01, 0.8699998
2018-03-08 10:55:08, 0.8699998
2018-03-08 10:55:14, 0.8699998
2018-03-08 10:55:21, 0.8699998
2018-03-08 10:55:28, 0.8699998
2018-03-08 10:55:35, 0.8699998
2018-03-08 10:55:41, 0.8699998
2018-03-08 10:55:48, 0.8699998
2018-03-08 10:55:54, 0.8699998
2018-03-08 10:56:01, 0.8699998
2018-03-08 10:56:08, 0.8699998
2018-03-08 10:56:14, 0.8699998
2018-03-08 10:56:21, 0.8699998
2018-03-08 10:56:28, 0.86899998
2018-03-08 10:56:34, 0.86899998
2018-03-08 10:56:41, 0.86899998
2018-03-08 10:56:48, 0.86600025
2018-03-08 10:56:54, 0.86600025
2018-03-08 10:57:00, 0.86600025
2018-03-08 10:57:08, 0.86899991
2018-03-08 10:57:15, 0.86899991
2018-03-08 10:57:22, 0.86899991
2018-03-08 10:57:28, 0.866
2018-03-08 10:57:34, 0.86510003
2018-03-08 10:57:41, 0.86510006
2018-03-08 10:57:48, 0.86510006
2018-03-08 10:57:54, 0.86899957
2018-03-08 10:58:01, 0.86899957
2018-03-08 10:58:08, 0.86899957
2018-03-08 10:58:15, 0.86899957
2018-03-08 10:58:21, 0.86899957
2018-03-08 10:58:28, 0.86899957
2018-03-08 10:58:34, 0.86899931
2018-03-08 10:58:41, 0.86899931
2018-03-08 10:58:48, 0.86899931
2018-03-08 10:58:54, 0.86899931
2018-03-08 10:59:00, 0.86899931
2018-03-08 10:59:07, 0.86899931
2018-03-08 10:59:13, 0.86530004
2018-03-08 10:59:20, 0.86899917
2018-03-08 10:59:27, 0.86899917
2018-03-08 10:59:33, 0.86899917
2018-03-08 10:59:40, 0.86899917
2018-03-08 10:59:48, 0.86899917
2018-03-08 10:59:54, 0.86899917
2018-03-08 11:00:01, 0.86899889
2018-03-08 11:00:08, 0.86899885
2018-03-08 11:00:14, 0.86899884
2018-03-08 11:00:21, 0.86899884
2018-03-08 11:00:28, 0.86899884
2018-03-08 11:00:36, 0.86899884
2018-03-08 11:00:43, 0.86899884
2018-03-08 11:00:49, 0.86899879
2018-03-08 11:00:57, 0.86899879
2018-03-08 11:01:03, 0.86899879
2018-03-08 11:01:11, 0.86899879
2018-03-08 11:01:17, 0.86899879
2018-03-08 11:01:23, 0.86899879
2018-03-08 11:01:30, 0.86829092
2018-03-08 11:01:37, 0.86829085
2018-03-08 11:01:43, 0.86829085
2018-03-08 11:01:50, 0.86829085
2018-03-08 11:01:56, 0.86829085
2018-03-08 11:02:03, 0.86829085
2018-03-08 11:02:09, 0.86829085
2018-03-08 11:02:17, 0.86827999
2018-03-08 11:02:23, 0.86827999
2018-03-08 11:02:30, 0.86827999
2018-03-08 11:02:37, 0.8651002
2018-03-08 11:02:44, 0.8651002
2018-03-08 11:02:50, 0.8651002
2018-03-08 11:02:57, 0.86827993
2018-03-08 11:03:04, 0.86827993
2018-03-08 11:03:10, 0.86827993
2018-03-08 11:03:18, 0.86827993
2018-03-08 11:03:24, 0.86827993
2018-03-08 11:03:30, 0.86827993
2018-03-08 11:03:37, 0.86827993
2018-03-08 11:03:43, 0.86827993
2018-03-08 11:03:50, 0.86827993
2018-03-08 11:03:57, 0.86827993
2018-03-08 11:04:04, 0.86827993
2018-03-08 11:04:10, 0.86827993
2018-03-08 11:04:17, 0.86827993
2018-03-08 11:04:24, 0.865
2018-03-08 11:04:30, 0.865
2018-03-08 11:04:38, 0.865
2018-03-08 11:04:45, 0.865
2018-03-08 11:04:51, 0.865
2018-03-08 11:04:58, 0.865
2018-03-08 11:05:05, 0.865
2018-03-08 11:05:12, 0.86454047
2018-03-08 11:05:20, 0.86454049
2018-03-08 11:05:27, 0.865
2018-03-08 11:05:33, 0.86454047
2018-03-08 11:05:40, 0.86454047
2018-03-08 11:05:48, 0.86454047
2018-03-08 11:05:54, 0.86454047
2018-03-08 11:06:01, 0.86510001
2018-03-08 11:06:08, 0.86510001
2018-03-08 11:06:16, 0.86510001
2018-03-08 11:06:22, 0.86510001
2018-03-08 11:06:28, 0.86510001
2018-03-08 11:06:35, 0.86510001
2018-03-08 11:06:42, 0.86510001
2018-03-08 11:06:49, 0.86510001
2018-03-08 11:06:56, 0.86510001
2018-03-08 11:07:03, 0.86510001
2018-03-08 11:07:10, 0.86799943
2018-03-08 11:07:17, 0.86799943
2018-03-08 11:07:23, 0.86799943
2018-03-08 11:07:30, 0.86799943
2018-03-08 11:07:36, 0.86799943
2018-03-08 11:07:43, 0.868
2018-03-08 11:07:50, 0.868
2018-03-08 11:07:57, 0.868
2018-03-08 11:08:04, 0.868
2018-03-08 11:08:10, 0.868
2018-03-08 11:08:17, 0.868
2018-03-08 11:08:23, 0.868
2018-03-08 11:08:29, 0.8682909
2018-03-08 11:08:36, 0.8682909
2018-03-08 11:08:42, 0.8682909
2018-03-08 11:08:49, 0.8682909
2018-03-08 11:08:56, 0.8682909
2018-03-08 11:09:03, 0.8682909
2018-03-08 11:09:10, 0.86829
2018-03-08 11:09:17, 0.86829
2018-03-08 11:09:23, 0.86829
2018-03-08 11:09:30, 0.86829
2018-03-08 11:09:37, 0.86829
2018-03-08 11:09:43, 0.86829
2018-03-08 11:09:50, 0.86829
2018-03-08 11:09:56, 0.86829
2018-03-08 11:10:03, 0.86829
2018-03-08 11:10:09, 0.86829
2018-03-08 11:10:16, 0.86829
2018-03-08 11:10:23, 0.86454186
2018-03-08 11:10:29, 0.86454186
2018-03-08 11:10:36, 0.86454186
2018-03-08 11:10:42, 0.86454186
2018-03-08 11:10:49, 0.86454047
2018-03-08 11:10:57, 0.86454047
2018-03-08 11:11:03, 0.8644554
2018-03-08 11:11:10, 0.86828997
2018-03-08 11:11:16, 0.86828997
2018-03-08 11:11:23, 0.86828997
2018-03-08 11:11:29, 0.86828997
2018-03-08 11:11:36, 0.86828997
2018-03-08 11:11:43, 0.86828994
2018-03-08 11:11:49, 0.86828992
2018-03-08 11:11:57, 0.8682899
2018-03-08 11:12:03, 0.86828989
2018-03-08 11:12:10, 0.86828989
2018-03-08 11:12:16, 0.86828989
2018-03-08 11:12:23, 0.86828897
2018-03-08 11:12:29, 0.86828699
2018-03-08 11:12:37, 0.86828697
2018-03-08 11:12:43, 0.86828696
2018-03-08 11:12:49, 0.86449
2018-03-08 11:12:57, 0.86449
2018-03-08 11:13:03, 0.86449
2018-03-08 11:13:09, 0.86828597
2018-03-08 11:13:16, 0.86828597
2018-03-08 11:13:22, 0.86828593
2018-03-08 11:13:29, 0.86828592
2018-03-08 11:13:36, 0.86828592
2018-03-08 11:13:42, 0.86828592
2018-03-08 11:13:49, 0.86828592
2018-03-08 11:13:57, 0.86828592
2018-03-08 11:14:03, 0.86828395
2018-03-08 11:14:10, 0.86828395
2018-03-08 11:14:17, 0.86828395
2018-03-08 11:14:23, 0.86828395
2018-03-08 11:14:30, 0.86828395
2018-03-08 11:14:37, 0.86828395
2018-03-08 11:14:43, 0.86828395
2018-03-08 11:14:50, 0.868
2018-03-08 11:14:57, 0.868
2018-03-08 11:15:03, 0.868
2018-03-08 11:15:10, 0.86268729
2018-03-08 11:15:17, 0.86268729
2018-03-08 11:15:23, 0.86268729
2018-03-08 11:15:30, 0.8628598
2018-03-08 11:15:37, 0.86100073
2018-03-08 11:15:43, 0.86100073
2018-03-08 11:15:50, 0.86100073
2018-03-08 11:15:56, 0.86100073
2018-03-08 11:16:03, 0.86100073
2018-03-08 11:16:09, 0.86100073
2018-03-08 11:16:16, 0.86100073
2018-03-08 11:16:22, 0.86100073
2018-03-08 11:16:29, 0.86100073
2018-03-08 11:16:37, 0.86100073
2018-03-08 11:16:43, 0.86100073
2018-03-08 11:16:49, 0.86100073
2018-03-08 11:16:57, 0.86100213
2018-03-08 11:17:03, 0.86100213
2018-03-08 11:17:10, 0.86100234
2018-03-08 11:17:17, 0.86100234
2018-03-08 11:17:23, 0.86100234
2018-03-08 11:17:30, 0.86700131
2018-03-08 11:17:36, 0.86700131
2018-03-08 11:17:45, 0.86700131
2018-03-08 11:17:52, 0.86700131
2018-03-08 11:17:58, 0.86700131
2018-03-08 11:18:05, 0.86700131
2018-03-08 11:18:12, 0.86700131
2018-03-08 11:18:19, 0.86700131
2018-03-08 11:18:26, 0.86700131
2018-03-08 11:18:32, 0.86699997
2018-03-08 11:18:39, 0.86699997
2018-03-08 11:18:47, 0.86699997
2018-03-08 11:18:53, 0.86699997
2018-03-08 11:19:00, 0.86699997
2018-03-08 11:19:07, 0.86699997
2018-03-08 11:19:13, 0.86699997
2018-03-08 11:19:23, 0.86699997
2018-03-08 11:19:29, 0.86699997
2018-03-08 11:19:37, 0.86699997
2018-03-08 11:19:43, 0.86699997
2018-03-08 11:19:49, 0.86699997
2018-03-08 11:19:57, 0.86699997
2018-03-08 11:20:04, 0.86699997
2018-03-08 11:20:10, 0.86699997
2018-03-08 11:20:17, 0.861004
2018-03-08 11:20:23, 0.86100402
2018-03-08 11:20:30, 0.86099999
2018-03-08 11:20:37, 0.86099999
2018-03-08 11:20:43, 0.86099999
2018-03-08 11:20:50, 0.86096535
2018-03-08 11:20:57, 0.86025009
2018-03-08 11:21:03, 0.86096535
2018-03-08 11:21:10, 0.86682977
2018-03-08 11:21:20, 0.86682977
2018-03-08 11:21:27, 0.86682977
2018-03-08 11:21:33, 0.86682977
2018-03-08 11:21:40, 0.86682977
2018-03-08 11:21:47, 0.86682977
2018-03-08 11:21:54, 0.86663951
2018-03-08 11:22:00, 0.86663951
2018-03-08 11:22:07, 0.86661933
2018-03-08 11:22:14, 0.86661933
2018-03-08 11:22:20, 0.86661933
2018-03-08 11:22:28, 0.86661933
2018-03-08 11:22:34, 0.8611
2018-03-08 11:22:42, 0.86
2018-03-08 11:22:48, 0.86
2018-03-08 11:22:55, 0.86
2018-03-08 11:23:02, 0.86135833
2018-03-08 11:23:09, 0.86135833
2018-03-08 11:23:16, 0.86135833
2018-03-08 11:23:22, 0.86000002
2018-03-08 11:23:29, 0.86000002
2018-03-08 11:23:37, 0.86000002
2018-03-08 11:23:43, 0.86000002
2018-03-08 11:23:50, 0.86000002
2018-03-08 11:23:57, 0.86000002
2018-03-08 11:24:03, 0.86000002
2018-03-08 11:24:10, 0.86000002
2018-03-08 11:24:21, 0.86000002
2018-03-08 11:24:27, 0.86000002
2018-03-08 11:24:34, 0.86000002
2018-03-08 11:24:41, 0.86000002
2018-03-08 11:24:48, 0.86000002
2018-03-08 11:24:55, 0.86000002
2018-03-08 11:25:01, 0.86000002
2018-03-08 11:25:08, 0.86000002
2018-03-08 11:25:15, 0.86000002
2018-03-08 11:25:21, 0.86000002
2018-03-08 11:25:28, 0.86000002
2018-03-08 11:25:35, 0.86000002
2018-03-08 11:25:42, 0.86000002
2018-03-08 11:25:49, 0.86000002
2018-03-08 11:25:56, 0.86000002
2018-03-08 11:26:03, 0.86000002
2018-03-08 11:26:10, 0.86639763
2018-03-08 11:26:17, 0.86000006
2018-03-08 11:26:23, 0.86000006
2018-03-08 11:26:30, 0.86009874
2018-03-08 11:26:37, 0.86000008
2018-03-08 11:26:43, 0.86000008
2018-03-08 11:26:50, 0.86000008
2018-03-08 11:26:58, 0.86639721
2018-03-08 11:27:05, 0.86639721
2018-03-08 11:27:11, 0.86100004
2018-03-08 11:27:18, 0.86100004
2018-03-08 11:27:25, 0.86100004
2018-03-08 11:27:32, 0.86630685
2018-03-08 11:27:38, 0.86630685
2018-03-08 11:27:46, 0.86630685
2018-03-08 11:27:52, 0.86630685
2018-03-08 11:27:59, 0.86630685
2018-03-08 11:28:06, 0.86630685
2018-03-08 11:28:13, 0.86630685
2018-03-08 11:28:20, 0.86630685
2018-03-08 11:28:27, 0.86630685
2018-03-08 11:28:33, 0.86630685
2018-03-08 11:28:40, 0.86630685
2018-03-08 11:28:50, 0.86630685
2018-03-08 11:28:57, 0.86630685
2018-03-08 11:29:03, 0.86630685
2018-03-08 11:29:11, 0.86630685
2018-03-08 11:29:17, 0.86630685
2018-03-08 11:29:24, 0.86630685
2018-03-08 11:29:30, 0.86630685
2018-03-08 11:29:36, 0.86630685
2018-03-08 11:29:43, 0.86630685
2018-03-08 11:29:50, 0.86630685
2018-03-08 11:29:58, 0.86630685
2018-03-08 11:30:05, 0.86630685
2018-03-08 11:30:12, 0.86630685
2018-03-08 11:30:18, 0.86630685
2018-03-08 11:30:25, 0.86630685
2018-03-08 11:30:32, 0.86630685
2018-03-08 11:30:38, 0.86630685
2018-03-08 11:30:45, 0.86630685
2018-03-08 11:30:51, 0.86630685
2018-03-08 11:30:58, 0.86630685
2018-03-08 11:31:05, 0.86630685
2018-03-08 11:31:11, 0.86572
2018-03-08 11:31:18, 0.86572
2018-03-08 11:31:24, 0.86355558
2018-03-08 11:31:31, 0.86355558
2018-03-08 11:31:38, 0.86355558
2018-03-08 11:31:45, 0.86355558
2018-03-08 11:31:52, 0.86355558
2018-03-08 11:31:58, 0.86355558
2018-03-08 11:32:05, 0.86355558
2018-03-08 11:32:12, 0.86355558
2018-03-08 11:32:18, 0.86355558
2018-03-08 11:32:25, 0.86355558
2018-03-08 11:32:32, 0.86355558
2018-03-08 11:32:38, 0.86355558
2018-03-08 11:32:46, 0.86355558
2018-03-08 11:32:52, 0.86355558
2018-03-08 11:32:59, 0.86355558
2018-03-08 11:33:06, 0.86355558
2018-03-08 11:33:13, 0.86355558
2018-03-08 11:33:21, 0.86355558
2018-03-08 11:33:28, 0.86355558
2018-03-08 11:33:34, 0.86355558
2018-03-08 11:33:41, 0.86355558
2018-03-08 11:33:47, 0.86355558
2018-03-08 11:33:54, 0.86355558
2018-03-08 11:34:01, 0.86355558
2018-03-08 11:34:08, 0.86355558
2018-03-08 11:34:14, 0.86355558
2018-03-08 11:34:21, 0.86355558
2018-03-08 11:34:28, 0.86355558
2018-03-08 11:34:34, 0.86355558
2018-03-08 11:34:41, 0.86355558
2018-03-08 11:34:48, 0.86355558
2018-03-08 11:34:55, 0.86355558
2018-03-08 11:35:02, 0.86355558
2018-03-08 11:35:08, 0.86355558
2018-03-08 11:35:16, 0.86355403
2018-03-08 11:35:23, 0.86355403
2018-03-08 11:35:29, 0.86355403
2018-03-08 11:35:36, 0.86355403
2018-03-08 11:35:43, 0.86355403
2018-03-08 11:35:50, 0.86355403
2018-03-08 11:35:56, 0.86355403
2018-03-08 11:36:03, 0.86355403
2018-03-08 11:36:10, 0.86355403
2018-03-08 11:36:17, 0.86355403
2018-03-08 11:36:23, 0.86355403
2018-03-08 11:36:30, 0.86355403
2018-03-08 11:36:37, 0.86355403
2018-03-08 11:36:43, 0.86355403
2018-03-08 11:36:50, 0.86355403
2018-03-08 11:36:57, 0.86355403
2018-03-08 11:37:04, 0.86355403
2018-03-08 11:37:10, 0.86355403
2018-03-08 11:37:17, 0.86355403
2018-03-08 11:37:23, 0.86355403
2018-03-08 11:37:30, 0.86355403
2018-03-08 11:37:37, 0.86000002
2018-03-08 11:37:43, 0.86000002
2018-03-08 11:37:50, 0.86
2018-03-08 11:37:56, 0.86
2018-03-08 11:38:03, 0.86
2018-03-08 11:38:10, 0.86
2018-03-08 11:38:16, 0.86
2018-03-08 11:38:23, 0.86355277
2018-03-08 11:38:29, 0.86355277
2018-03-08 11:38:36, 0.86
2018-03-08 11:38:42, 0.86
2018-03-08 11:38:50, 0.86
2018-03-08 11:38:57, 0.86
2018-03-08 11:39:04, 0.86
2018-03-08 11:39:10, 0.86
2018-03-08 11:39:17, 0.86
2018-03-08 11:39:38, 0.86
2018-03-08 11:39:48, 0.86
2018-03-08 11:39:56, 0.85924685
2018-03-08 11:40:02, 0.85924685
2018-03-08 11:40:10, 0.857
2018-03-08 11:40:17, 0.85600002
2018-03-08 11:40:23, 0.85699998
2018-03-08 11:40:30, 0.85699998
2018-03-08 11:40:37, 0.85699998
2018-03-08 11:40:43, 0.85699998
2018-03-08 11:40:50, 0.85699998
2018-03-08 11:40:57, 0.85699998
2018-03-08 11:41:03, 0.85699998
2018-03-08 11:41:10, 0.85699998
2018-03-08 11:41:17, 0.857
2018-03-08 11:41:23, 0.857
2018-03-08 11:41:30, 0.857
2018-03-08 11:41:37, 0.857
2018-03-08 11:41:43, 0.857
2018-03-08 11:41:50, 0.857
2018-03-08 11:41:56, 0.85582014
2018-03-08 11:42:03, 0.85582014
2018-03-08 11:42:10, 0.8555876
2018-03-08 11:42:17, 0.85558762
2018-03-08 11:42:23, 0.85558762
2018-03-08 11:42:30, 0.85558762
2018-03-08 11:42:37, 0.85558762
2018-03-08 11:42:43, 0.85558762
2018-03-08 11:42:49, 0.85558762
2018-03-08 11:42:56, 0.85558762
2018-03-08 11:43:03, 0.85558762
2018-03-08 11:43:10, 0.85558762
2018-03-08 11:43:17, 0.85558762
2018-03-08 11:43:23, 0.85558762
2018-03-08 11:43:29, 0.85558762
2018-03-08 11:43:37, 0.85558762
2018-03-08 11:43:43, 0.85558762
2018-03-08 11:43:50, 0.85558762
2018-03-08 11:43:57, 0.85558762
2018-03-08 11:44:04, 0.85558762
2018-03-08 11:44:11, 0.85558762
2018-03-08 11:44:17, 0.85699998
2018-03-08 11:44:24, 0.857
2018-03-08 11:44:30, 0.85699996
2018-03-08 11:44:37, 0.85699996
2018-03-08 11:44:44, 0.85699998
2018-03-08 11:44:50, 0.85699997
2018-03-08 11:44:57, 0.857
2018-03-08 11:45:03, 0.85699996
2018-03-08 11:45:11, 0.857
2018-03-08 11:45:18, 0.85699996
2018-03-08 11:45:24, 0.85699996
2018-03-08 11:45:31, 0.85699996
2018-03-08 11:45:38, 0.85699996
2018-03-08 11:45:45, 0.85699996
2018-03-08 11:45:51, 0.85699996
2018-03-08 11:45:58, 0.85699996
2018-03-08 11:46:04, 0.85699996
2018-03-08 11:46:11, 0.85699998
2018-03-08 11:46:18, 0.85699998
2018-03-08 11:46:24, 0.85699998
2018-03-08 11:46:31, 0.85699998
2018-03-08 11:46:38, 0.85699998
2018-03-08 11:46:44, 0.85699998
2018-03-08 11:46:51, 0.85699999
2018-03-08 11:46:58, 0.85699999
2018-03-08 11:47:07, 0.85699999
2018-03-08 11:47:14, 0.85699999
2018-03-08 11:47:21, 0.85699999
2018-03-08 11:47:28, 0.85699999
2018-03-08 11:47:34, 0.85699999
2018-03-08 11:47:42, 0.85699999
2018-03-08 11:47:48, 0.85699999
2018-03-08 11:47:57, 0.85699999
2018-03-08 11:48:03, 0.85699999
2018-03-08 11:48:09, 0.85699999
2018-03-08 11:48:16, 0.857
2018-03-08 11:48:26, 0.857
2018-03-08 11:48:33, 0.857
2018-03-08 11:48:40, 0.857
2018-03-08 11:48:47, 0.85931995
2018-03-08 11:48:53, 0.85931995
2018-03-08 11:49:00, 0.85931995
2018-03-08 11:49:08, 0.85931995
2018-03-08 11:49:14, 0.85931995
2018-03-08 11:49:21, 0.85931995
2018-03-08 11:49:27, 0.85931995
2018-03-08 11:49:35, 0.85931972
2018-03-08 11:49:41, 0.85931972
2018-03-08 11:49:48, 0.85931972
2018-03-08 11:49:56, 0.85931964
2018-03-08 11:50:03, 0.85931964
2018-03-08 11:50:10, 0.85931964
2018-03-08 11:50:17, 0.85931964
2018-03-08 11:50:24, 0.85931964
2018-03-08 11:50:30, 0.85931964
2018-03-08 11:50:37, 0.85931964
2018-03-08 11:50:43, 0.85931964
2018-03-08 11:50:50, 0.85931964
2018-03-08 11:50:57, 0.85931964
2018-03-08 11:51:03, 0.85931964
2018-03-08 11:51:10, 0.85931964
2018-03-08 11:51:17, 0.85931964
2018-03-08 11:51:24, 0.85931936
2018-03-08 11:51:31, 0.85931936
2018-03-08 11:51:38, 0.85931936
2018-03-08 11:51:44, 0.85931936
2018-03-08 11:51:51, 0.85931936
2018-03-08 11:51:58, 0.85931936
2018-03-08 11:52:04, 0.85931936
2018-03-08 11:52:10, 0.85931936
2018-03-08 11:52:17, 0.85931936
2018-03-08 11:52:24, 0.85931936
2018-03-08 11:52:31, 0.85931936
2018-03-08 11:52:38, 0.85931936
2018-03-08 11:52:44, 0.85931936
2018-03-08 11:52:51, 0.85931936
2018-03-08 11:52:58, 0.85931936
2018-03-08 11:53:05, 0.85931936
2018-03-08 11:53:12, 0.85931966
2018-03-08 11:53:19, 0.85931966
2018-03-08 11:53:26, 0.85931959
2018-03-08 11:53:33, 0.85931959
2018-03-08 11:53:40, 0.85931959
2018-03-08 11:53:47, 0.85931959
2018-03-08 11:53:56, 0.85931959
2018-03-08 11:54:02, 0.85931959
2018-03-08 11:54:09, 0.85931959
2018-03-08 11:54:17, 0.85931986
2018-03-08 11:54:23, 0.85931986
2018-03-08 11:54:31, 0.85931986
2018-03-08 11:54:38, 0.85931998
2018-03-08 11:54:46, 0.85931998
2018-03-08 11:54:53, 0.85931998
2018-03-08 11:55:00, 0.85931998
2018-03-08 11:55:08, 0.85931998
2018-03-08 11:55:15, 0.85931998
2018-03-08 11:55:22, 0.85600008
2018-03-08 11:55:29, 0.85932
2018-03-08 11:55:38, 0.85932
2018-03-08 11:55:44, 0.85932
2018-03-08 11:55:51, 0.85932
2018-03-08 11:55:58, 0.85932
2018-03-08 11:56:06, 0.85932
2018-03-08 11:56:13, 0.85932
2018-03-08 11:56:19, 0.85932
2018-03-08 11:56:26, 0.85932
2018-03-08 11:56:33, 0.85932
2018-03-08 11:56:40, 0.85932
2018-03-08 11:56:47, 0.85932
2018-03-08 11:56:55, 0.85600204
2018-03-08 11:57:02, 0.85600204
2018-03-08 11:57:09, 0.85600204
2018-03-08 11:57:16, 0.85600204
2018-03-08 11:57:23, 0.85600204
2018-03-08 11:57:29, 0.85600204
2018-03-08 11:57:36, 0.85600204
2018-03-08 11:57:43, 0.85600204
2018-03-08 11:57:50, 0.85600204
2018-03-08 11:57:57, 0.85600204
2018-03-08 11:58:04, 0.85600204
2018-03-08 11:58:11, 0.85600204
2018-03-08 11:58:18, 0.85600204
2018-03-08 11:58:24, 0.85600204
2018-03-08 11:58:31, 0.86180934
2018-03-08 11:58:38, 0.86180929
2018-03-08 11:58:44, 0.86180929
2018-03-08 11:58:51, 0.86180929
2018-03-08 11:58:58, 0.86180929
2018-03-08 11:59:04, 0.86180929
2018-03-08 11:59:11, 0.86180929
2018-03-08 11:59:18, 0.86180908
2018-03-08 11:59:25, 0.86180903
2018-03-08 11:59:32, 0.86180898
2018-03-08 11:59:39, 0.86180898
2018-03-08 11:59:46, 0.86180898
2018-03-08 11:59:53, 0.86180898
2018-03-08 11:59:59, 0.86180898
2018-03-08 12:00:06, 0.86180898
2018-03-08 12:00:13, 0.86180898
2018-03-08 12:00:20, 0.86180878
2018-03-08 12:00:27, 0.86180878
2018-03-08 12:00:34, 0.86180878
2018-03-08 12:00:41, 0.86180878
2018-03-08 12:00:47, 0.86180878
2018-03-08 12:00:54, 0.86180878
2018-03-08 12:01:01, 0.86180878
2018-03-08 12:01:07, 0.86180878
2018-03-08 12:01:15, 0.85600486
2018-03-08 12:01:21, 0.85600486
2018-03-08 12:01:28, 0.85600486
2018-03-08 12:01:35, 0.85600486
2018-03-08 12:01:41, 0.85600486
2018-03-08 12:01:48, 0.85600486
2018-03-08 12:01:54, 0.85600486
2018-03-08 12:02:01, 0.85600486
2018-03-08 12:02:09, 0.85600486
2018-03-08 12:02:16, 0.85382421
2018-03-08 12:02:22, 0.85382421
2018-03-08 12:02:29, 0.85382421
2018-03-08 12:02:35, 0.85382421
2018-03-08 12:02:42, 0.85382421
2018-03-08 12:02:49, 0.85382421
2018-03-08 12:02:57, 0.85382421
2018-03-08 12:03:04, 0.85382421
2018-03-08 12:03:11, 0.85741369
2018-03-08 12:03:18, 0.85741369
2018-03-08 12:03:25, 0.85741369
2018-03-08 12:03:32, 0.85660889
2018-03-08 12:03:38, 0.853609
2018-03-08 12:03:46, 0.853609
2018-03-08 12:03:53, 0.853609
2018-03-08 12:03:59, 0.853609
2018-03-08 12:04:07, 0.853609
2018-03-08 12:04:13, 0.853609
2018-03-08 12:04:20, 0.853609
2018-03-08 12:04:27, 0.853609
2018-03-08 12:04:33, 0.853609
2018-03-08 12:04:40, 0.853609
2018-03-08 12:04:47, 0.853609
2018-03-08 12:04:53, 0.853609
2018-03-08 12:05:00, 0.853609
2018-03-08 12:05:06, 0.853609
2018-03-08 12:05:13, 0.853609
2018-03-08 12:05:20, 0.853609
2018-03-08 12:05:30, 0.853609
2018-03-08 12:05:37, 0.853609
2018-03-08 12:05:44, 0.85309788
2018-03-08 12:05:50, 0.85309788
2018-03-08 12:05:57, 0.85309788
2018-03-08 12:06:03, 0.85309788
2018-03-08 12:06:09, 0.85240708
2018-03-08 12:06:19, 0.85240708
2018-03-08 12:06:27, 0.85240708
2018-03-08 12:06:33, 0.85240708
2018-03-08 12:06:40, 0.8524071
2018-03-08 12:06:46, 0.8524071
2018-03-08 12:06:53, 0.8524071
2018-03-08 12:07:00, 0.85620648
2018-03-08 12:07:07, 0.85620648
2018-03-08 12:07:13, 0.85620648
2018-03-08 12:07:20, 0.85620648
2018-03-08 12:07:27, 0.857112
2018-03-08 12:07:33, 0.857112
2018-03-08 12:07:40, 0.857112
2018-03-08 12:07:47, 0.857112
2018-03-08 12:07:53, 0.857112
2018-03-08 12:07:59, 0.857112
2018-03-08 12:08:06, 0.85240821
2018-03-08 12:08:12, 0.85240821
2018-03-08 12:08:19, 0.85240821
2018-03-08 12:08:25, 0.85240821
2018-03-08 12:08:32, 0.85240821
2018-03-08 12:08:39, 0.85240821
2018-03-08 12:08:46, 0.85240821
2018-03-08 12:08:53, 0.85240821
2018-03-08 12:08:59, 0.85240821
2018-03-08 12:09:07, 0.85240821
2018-03-08 12:09:13, 0.85240821
2018-03-08 12:09:21, 0.85240821
2018-03-08 12:09:27, 0.85240821
2018-03-08 12:09:33, 0.85240821
2018-03-08 12:09:40, 0.85240821
2018-03-08 12:09:48, 0.85240821
2018-03-08 12:09:54, 0.85241108
2018-03-08 12:10:01, 0.85241108
2018-03-08 12:10:08, 0.85241108
2018-03-08 12:10:14, 0.85241108
2018-03-08 12:10:21, 0.85241108
2018-03-08 12:10:28, 0.85241108
2018-03-08 12:10:35, 0.85241108
2018-03-08 12:10:42, 0.85241108
2018-03-08 12:10:49, 0.85241108
2018-03-08 12:10:56, 0.85241108
2018-03-08 12:11:03, 0.85241108
2018-03-08 12:11:09, 0.85241108
2018-03-08 12:11:16, 0.85241108
2018-03-08 12:11:23, 0.85241108
2018-03-08 12:11:30, 0.85241108
2018-03-08 12:11:36, 0.85241108
2018-03-08 12:11:43, 0.85241108
2018-03-08 12:11:49, 0.85241108
2018-03-08 12:11:56, 0.85241108
2018-03-08 12:12:03, 0.85241108
2018-03-08 12:12:10, 0.85241108
2018-03-08 12:12:17, 0.85711054
2018-03-08 12:12:23, 0.85711054
2018-03-08 12:12:30, 0.85711054
2018-03-08 12:12:37, 0.85711054
2018-03-08 12:12:43, 0.85711054
2018-03-08 12:12:51, 0.85711054
2018-03-08 12:12:58, 0.85711029
2018-03-08 12:13:05, 0.85711029
2018-03-08 12:13:13, 0.85711028
2018-03-08 12:13:19, 0.855
2018-03-08 12:13:26, 0.852411
2018-03-08 12:13:33, 0.852411
2018-03-08 12:13:40, 0.852411
2018-03-08 12:13:48, 0.85499995
2018-03-08 12:13:54, 0.85499995
2018-03-08 12:14:01, 0.85499995
2018-03-08 12:14:08, 0.85499995
2018-03-08 12:14:15, 0.85499995
2018-03-08 12:14:22, 0.85499995
2018-03-08 12:14:29, 0.85499995
2018-03-08 12:14:36, 0.85499995
2018-03-08 12:14:43, 0.85499995
2018-03-08 12:14:50, 0.85499995
2018-03-08 12:14:56, 0.85499995
2018-03-08 12:15:03, 0.85499995
2018-03-08 12:15:10, 0.85499995
2018-03-08 12:15:17, 0.85499995
2018-03-08 12:15:23, 0.85499995
2018-03-08 12:15:30, 0.85499995
2018-03-08 12:15:37, 0.85499995
2018-03-08 12:15:43, 0.85499995
2018-03-08 12:15:51, 0.85499995
2018-03-08 12:15:58, 0.85499995
2018-03-08 12:16:05, 0.85499995
2018-03-08 12:16:11, 0.85499995
2018-03-08 12:16:18, 0.85499995
2018-03-08 12:16:25, 0.85499995
2018-03-08 12:16:31, 0.85499995
2018-03-08 12:16:38, 0.85499995
2018-03-08 12:16:45, 0.85499994
2018-03-08 12:16:52, 0.85499994
2018-03-08 12:16:59, 0.85499994
2018-03-08 12:17:06, 0.85499994
2018-03-08 12:17:12, 0.85499994
2018-03-08 12:17:20, 0.85499994
2018-03-08 12:17:26, 0.85499994
2018-03-08 12:17:33, 0.85499994
2018-03-08 12:17:39, 0.85499994
2018-03-08 12:17:48, 0.85499994
2018-03-08 12:17:55, 0.853
2018-03-08 12:18:02, 0.853
2018-03-08 12:18:08, 0.852411
2018-03-08 12:18:15, 0.85349999
2018-03-08 12:18:22, 0.85349999
2018-03-08 12:18:28, 0.8535
2018-03-08 12:18:36, 0.8535
2018-03-08 12:18:43, 0.8535
2018-03-08 12:18:49, 0.8535
2018-03-08 12:18:57, 0.852411
2018-03-08 12:19:03, 0.852411
2018-03-08 12:19:10, 0.852411
2018-03-08 12:19:18, 0.852411
2018-03-08 12:19:24, 0.852411
2018-03-08 12:19:32, 0.85241096
2018-03-08 12:19:38, 0.85241092
2018-03-08 12:19:45, 0.85241088
2018-03-08 12:19:51, 0.85212536
2018-03-08 12:19:58, 0.8521253
2018-03-08 12:20:06, 0.852
2018-03-08 12:20:12, 0.85199957
2018-03-08 12:20:19, 0.85114842
2018-03-08 12:20:26, 0.85114842
2018-03-08 12:20:33, 0.85114842
2018-03-08 12:20:40, 0.85114842
2018-03-08 12:20:47, 0.85114842
2018-03-08 12:20:53, 0.85114842
2018-03-08 12:21:00, 0.85114842
2018-03-08 12:21:08, 0.85015809
2018-03-08 12:21:14, 0.852
2018-03-08 12:21:20, 0.852
2018-03-08 12:21:28, 0.85015837
2018-03-08 12:21:34, 0.85015837
2018-03-08 12:21:41, 0.85015837
2018-03-08 12:21:49, 0.85015837
2018-03-08 12:21:56, 0.85572722
2018-03-08 12:22:03, 0.85572722
2018-03-08 12:22:09, 0.85572722
2018-03-08 12:22:16, 0.85572722
2018-03-08 12:22:23, 0.85572708
2018-03-08 12:22:29, 0.85572708
2018-03-08 12:22:36, 0.85572708
2018-03-08 12:22:43, 0.85572708
2018-03-08 12:22:50, 0.85572708
2018-03-08 12:22:57, 0.85572708
2018-03-08 12:23:04, 0.85572708
2018-03-08 12:23:11, 0.85572708
2018-03-08 12:23:18, 0.85572708
2018-03-08 12:23:25, 0.85572708
2018-03-08 12:23:31, 0.85572708
2018-03-08 12:23:38, 0.85572708
2018-03-08 12:23:46, 0.85572708
2018-03-08 12:23:52, 0.85572708
2018-03-08 12:23:59, 0.85572708
2018-03-08 12:24:06, 0.85572708
2018-03-08 12:24:13, 0.85666029
2018-03-08 12:24:20, 0.85666029
2018-03-08 12:24:28, 0.85666029
2018-03-08 12:24:34, 0.85666029
2018-03-08 12:24:40, 0.85666029
2018-03-08 12:24:47, 0.85666029
2018-03-08 12:24:53, 0.85666029
2018-03-08 12:25:00, 0.85666029
2018-03-08 12:25:07, 0.85200005
2018-03-08 12:25:14, 0.85200005
2018-03-08 12:25:21, 0.85200005
2018-03-08 12:25:28, 0.85200005
2018-03-08 12:25:35, 0.85200005
2018-03-08 12:25:41, 0.85200005
2018-03-08 12:25:48, 0.85200005
2018-03-08 12:25:55, 0.85200005
2018-03-08 12:26:02, 0.85200005
2018-03-08 12:26:08, 0.85200005
2018-03-08 12:26:16, 0.85200005
2018-03-08 12:26:22, 0.85200005
2018-03-08 12:26:29, 0.85200005
2018-03-08 12:26:36, 0.85200005
2018-03-08 12:26:43, 0.85200005
2018-03-08 12:26:50, 0.85200005
2018-03-08 12:26:58, 0.85200005
2018-03-08 12:27:05, 0.85200005
2018-03-08 12:27:11, 0.85200005
2018-03-08 12:27:18, 0.85200005
2018-03-08 12:27:25, 0.85200005
2018-03-08 12:27:32, 0.85200005
2018-03-08 12:27:39, 0.85200005
2018-03-08 12:27:46, 0.85200005
2018-03-08 12:27:53, 0.85200005
2018-03-08 12:28:00, 0.85200005
2018-03-08 12:28:06, 0.85200005
2018-03-08 12:28:14, 0.85200005
2018-03-08 12:28:21, 0.85200005
2018-03-08 12:28:28, 0.85200005
2018-03-08 12:28:34, 0.85200005
2018-03-08 12:28:40, 0.85200005
2018-03-08 12:28:48, 0.85200005
2018-03-08 12:28:54, 0.85200005
2018-03-08 12:29:01, 0.85200005
2018-03-08 12:29:08, 0.85200005
2018-03-08 12:29:14, 0.85200005
2018-03-08 12:29:21, 0.85200005
2018-03-08 12:29:27, 0.85200005
2018-03-08 12:29:33, 0.85200005
2018-03-08 12:29:41, 0.85200005
2018-03-08 12:29:48, 0.85200005
2018-03-08 12:29:54, 0.85200005
2018-03-08 12:30:01, 0.85200005
2018-03-08 12:30:08, 0.85200005
2018-03-08 12:30:16, 0.85200005
2018-03-08 12:30:23, 0.85200005
2018-03-08 12:30:29, 0.85200005
2018-03-08 12:30:36, 0.85200005
2018-03-08 12:30:42, 0.85200005
2018-03-08 12:30:50, 0.85200005
2018-03-08 12:30:57, 0.85200005
2018-03-08 12:31:03, 0.85200005
2018-03-08 12:31:10, 0.85200005
2018-03-08 12:31:17, 0.85200005
2018-03-08 12:31:23, 0.85200005
2018-03-08 12:31:30, 0.85200005
2018-03-08 12:31:37, 0.85200005
2018-03-08 12:31:43, 0.85200005
2018-03-08 12:31:50, 0.85200005
2018-03-08 12:31:57, 0.85200005
2018-03-08 12:32:03, 0.851
2018-03-08 12:32:10, 0.851
2018-03-08 12:32:17, 0.851
2018-03-08 12:32:24, 0.851
2018-03-08 12:32:30, 0.851
2018-03-08 12:32:37, 0.851
2018-03-08 12:32:44, 0.851
2018-03-08 12:32:51, 0.851
2018-03-08 12:32:58, 0.851
2018-03-08 12:33:04, 0.851
2018-03-08 12:33:11, 0.851
2018-03-08 12:33:18, 0.851
2018-03-08 12:33:25, 0.851
2018-03-08 12:33:32, 0.851
2018-03-08 12:33:39, 0.851
2018-03-08 12:33:46, 0.85022477
2018-03-08 12:33:53, 0.85015769
2018-03-08 12:33:59, 0.85015769
2018-03-08 12:34:06, 0.85015769
2018-03-08 12:34:13, 0.84999997
2018-03-08 12:34:20, 0.8485
2018-03-08 12:34:27, 0.8485
2018-03-08 12:34:33, 0.8485
2018-03-08 12:34:40, 0.8485
2018-03-08 12:34:46, 0.8485
2018-03-08 12:34:53, 0.8485
2018-03-08 12:35:00, 0.8485
2018-03-08 12:35:08, 0.8485
2018-03-08 12:35:16, 0.8485
2018-03-08 12:35:22, 0.85281328
2018-03-08 12:35:29, 0.85281331
2018-03-08 12:35:36, 0.85281331
2018-03-08 12:35:43, 0.85300004
2018-03-08 12:35:50, 0.85308539
2018-03-08 12:35:57, 0.85308539
2018-03-08 12:36:03, 0.85308539
2018-03-08 12:36:10, 0.85666061
2018-03-08 12:36:18, 0.85666068
2018-03-08 12:36:24, 0.85666073
2018-03-08 12:36:31, 0.85666077
2018-03-08 12:36:38, 0.85666077
2018-03-08 12:36:47, 0.85666077
2018-03-08 12:36:54, 0.85666077
2018-03-08 12:37:01, 0.85666077
2018-03-08 12:37:09, 0.85666077
2018-03-08 12:37:17, 0.85795279
2018-03-08 12:37:23, 0.85666061
2018-03-08 12:37:29, 0.85666061
2018-03-08 12:37:36, 0.85666061
2018-03-08 12:37:43, 0.85666061
2018-03-08 12:37:50, 0.85666061
2018-03-08 12:37:57, 0.85666061
2018-03-08 12:38:04, 0.85666061
2018-03-08 12:38:11, 0.85666061
2018-03-08 12:38:18, 0.85666061
2018-03-08 12:38:24, 0.85666061
2018-03-08 12:38:30, 0.85666061
2018-03-08 12:38:37, 0.85666061
2018-03-08 12:38:43, 0.85666061
2018-03-08 12:38:50, 0.85666061
2018-03-08 12:38:57, 0.85666061
2018-03-08 12:39:03, 0.85666061
2018-03-08 12:39:10, 0.85666061
2018-03-08 12:39:17, 0.85666061
2018-03-08 12:39:24, 0.85666062
2018-03-08 12:39:31, 0.85666062
2018-03-08 12:39:38, 0.85666061
2018-03-08 12:39:45, 0.85666061
2018-03-08 12:39:52, 0.85666062
2018-03-08 12:39:59, 0.85666062
2018-03-08 12:40:07, 0.85666062
2018-03-08 12:40:13, 0.85666062
2018-03-08 12:40:19, 0.85666062
2018-03-08 12:40:26, 0.85666062
2018-03-08 12:40:33, 0.85666061
2018-03-08 12:40:40, 0.85666061
2018-03-08 12:40:47, 0.853
2018-03-08 12:40:53, 0.853
2018-03-08 12:40:59, 0.8530001
2018-03-08 12:41:06, 0.85300012
2018-03-08 12:41:13, 0.85300016
2018-03-08 12:41:19, 0.85300016
2018-03-08 12:41:26, 0.85300016
2018-03-08 12:41:33, 0.85300016
2018-03-08 12:41:39, 0.85300016
2018-03-08 12:41:46, 0.85300016
2018-03-08 12:41:53, 0.85300016
2018-03-08 12:42:00, 0.85300016
2018-03-08 12:42:07, 0.85300016
2018-03-08 12:42:13, 0.85300016
2018-03-08 12:42:20, 0.85300016
2018-03-08 12:42:27, 0.85281383
2018-03-08 12:42:34, 0.85281383
2018-03-08 12:42:40, 0.85281383
2018-03-08 12:42:47, 0.85281383
2018-03-08 12:42:53, 0.85281383
2018-03-08 12:43:00, 0.85281383
